{"cameraMode":{"drawMode":0,"name":"Shaded","section":"Shading Mode"},"sceneLighting":true,"audioPlay":false,"sceneViewState":{"m_AlwaysRefresh":false,"showFog":true,"showSkybox":true,"showFlares":true,"showImageEffects":true,"showParticleSystems":true,"showVisualEffectGraphs":true,"m_FxEnabled":false},"in2DMode":false,"pivot":{"x":78.31885528564453,"y":-28.333290100097658,"z":994.9724731445313},"rotation":{"x":-0.042094483971595767,"y":-0.07806754112243653,"z":0.0006808065227232873,"w":-0.9968386888504028},"size":268.58465576171877,"orthographic":false}