{"cameraMode":{"drawMode":0,"name":"Shaded","section":"Shading Mode"},"sceneLighting":true,"audioPlay":false,"sceneViewState":{"m_AlwaysRefresh":false,"showFog":true,"showSkybox":true,"showFlares":true,"showImageEffects":true,"showParticleSystems":true,"showVisualEffectGraphs":true,"m_FxEnabled":false},"in2DMode":false,"pivot":{"x":6.219181537628174,"y":35.19510269165039,"z":221.6216583251953},"rotation":{"x":0.0017589341150596738,"y":0.9996011257171631,"z":0.034898169338703158,"w":0.021463409066200258},"size":15.187071800231934,"orthographic":false}